RegionCode,CountryCode,Year,Population
EU,ALB,1992,3247039
EU,ALB,1993,3227287
EU,ALB,1994,3207536
EU,ALB,1995,3187784
EU,ALB,1996,3168033
EU,ALB,1997,3148281
EU,ALB,1998,3128530
EU,ALB,1999,3108778
EU,ALB,2000,3089027
EU,ALB,2001,3060173
EU,ALB,2002,3051010
EU,ALB,2003,3039616
EU,ALB,2004,3026939
EU,ALB,2005,3011487
EU,ALB,2006,2992547
EU,ALB,2007,2970017
EU,ALB,2008,2947314
EU,ALB,2009,2927519
EU,ALB,2010,2913021
CSA,ARG,1991,33105763
CSA,ARG,1992,33568285
CSA,ARG,1993,34027240
CSA,ARG,1994,34488696
CSA,ARG,1995,34946110
CSA,ARG,1996,35389362
CSA,ARG,1997,35815971
CSA,ARG,1998,36233195
CSA,ARG,1999,36653031
CSA,ARG,2000,37070774
CSA,ARG,2001,37480493
CSA,ARG,2002,37885028
CSA,ARG,2003,38278164
CSA,ARG,2004,38668796
CSA,ARG,2005,39070501
CSA,ARG,2006,39476851
CSA,ARG,2007,39876111
CSA,ARG,2008,40273769
CSA,ARG,2009,40684338
CSA,ARG,2010,40788453
CSA,ARG,2011,41261490
CSA,ARG,2012,41733271
CSA,ARG,2013,42202935
CSA,ARG,2014,42669500
AS,ARM,1991,3617631
AS,ARM,1992,3574555
AS,ARM,1993,3457349
AS,ARM,1994,3373713
AS,ARM,1995,3322782
AS,ARM,1996,3298898
AS,ARM,1997,3271418
AS,ARM,1998,3240550
AS,ARM,1999,3206030
AS,ARM,2000,3168523
AS,ARM,2001,3133133
AS,ARM,2002,3105037
AS,ARM,2003,3084102
AS,ARM,2006,3026486
AS,ARM,2007,3004393
AS,ARM,2008,2983421
AS,ARM,2009,2964296
AS,ARM,2010,2946293
AS,ARM,2011,2928976
AS,ARM,2012,2914421
AS,ARM,2013,2901385
AS,ARM,2014,2889930
OA,AUS,1991,17284036
OA,AUS,1992,17478635
OA,AUS,1993,17634808
OA,AUS,1994,17805468
OA,AUS,1995,18004882
OA,AUS,1996,18224767
OA,AUS,1997,18423037
OA,AUS,1998,18607584
OA,AUS,1999,18812264
OA,AUS,2000,19028802
OA,AUS,2001,19274701
OA,AUS,2002,19495210
OA,AUS,2003,19720737
OA,AUS,2004,19932722
OA,AUS,2006,20450966
OA,AUS,2007,20827622
OA,AUS,2008,21249199
OA,AUS,2009,21691653
OA,AUS,2010,22031750
OA,AUS,2011,22340024
OA,AUS,2012,22733465
OA,AUS,2013,23128129
OA,AUS,2014,23475686
EU,AUT,1991,7754891
EU,AUT,1992,7840709
EU,AUT,1993,7905633
EU,AUT,1994,7936118
EU,AUT,1995,7948278
EU,AUT,1996,7959017
EU,AUT,1997,7968041
EU,AUT,1998,7976789
EU,AUT,1999,7992324
EU,AUT,2000,8011566
EU,AUT,2001,8042293
EU,AUT,2002,8081957
EU,AUT,2003,8121423
EU,AUT,2004,8171966
EU,AUT,2005,8227829
EU,AUT,2006,8268641
EU,AUT,2007,8295487
EU,AUT,2008,8321496
EU,AUT,2009,8343323
EU,AUT,2010,8363404
EU,AUT,2011,8391643
EU,AUT,2012,8429991
EU,AUT,2013,8479823
EU,AUT,2014,8546356
AS,AZE,1991,7271300
AS,AZE,1992,7382050
AS,AZE,1993,7494800
AS,AZE,1994,7596550
AS,AZE,1995,7684850
AS,AZE,1996,7763000
AS,AZE,1997,7838250
AS,AZE,1998,7913000
AS,AZE,1999,7982750
AS,AZE,2000,8048600
AS,AZE,2001,8111200
AS,AZE,2002,8171950
AS,AZE,2003,8234100
AS,AZE,2004,8306500
AS,AZE,2007,8581300
AS,BHR,1997,652643
AS,BHR,1998,672484
AS,BHR,1999,692133
AS,BHR,2000,711442
AS,BHR,2001,730257
AS,BHR,2002,748324
AS,BHR,2003,778256
AS,BHR,2004,833451
AS,BHR,2005,901921
AS,BHR,2006,970981
AS,BHR,2007,1040532
AS,BHR,2008,1110343
AS,BHR,2009,1179453
AS,BHR,2010,1213645
AS,BHR,2011,1212077
AS,BHR,2012,1224939
AS,BHR,2013,1261673
AS,BHR,2014,1311134
NAC,BHS,1993,288164
NAC,BHS,1994,293997
NAC,BHS,1995,299554
NAC,BHS,1996,304933
NAC,BHS,1997,310171
NAC,BHS,1998,315398
NAC,BHS,1999,320272
NAC,BHS,2000,325014
NAC,BHS,2001,329626
NAC,BHS,2002,334002
NAC,BHS,2004,343089
NAC,BHS,2005,347804
NAC,BHS,2006,352664
NAC,BHS,2007,357666
NAC,BHS,2008,362795
NAC,ATG,1999,73821
NAC,ATG,2000,75055
NAC,ATG,2001,76215
NAC,ATG,2002,77195
NAC,ATG,2003,78075
NAC,ATG,2004,78941
NAC,ATG,2005,79869
NAC,ATG,2006,80895
NAC,ATG,2007,82016
NAC,ATG,2008,83251
NAC,ATG,2009,84534
NAC,ATG,2012,87674
NAC,ATG,2013,88497
NAC,ATG,2014,89236
NAC,ATG,1991,63634
NAC,ATG,1992,64659
NAC,ATG,1993,65834
NAC,ATG,1994,67072
NAC,ATG,1995,68398
NAC,ATG,1998,72572
NAC,BHS,2009,368057
NAC,BHS,2010,373272
NAC,BHS,2011,377950
NAC,BHS,2012,382061
NAC,BHS,2013,385650
NAC,BHS,2014,389131
NAC,BRB,1991,259402
NAC,BRB,1992,260212
NAC,BRB,1993,260995
NAC,BRB,1994,261712
NAC,BRB,1995,262303
NAC,ATG,1990,
NAC,BRB,2000,264657
NAC,BRB,2001,265377
NAC,BRB,2002,266455
NAC,BRB,2003,267499
NAC,BRB,2004,268505
NAC,BRB,2005,269477
NAC,BRB,2006,270425
CSA,ARG,1990,
AS,ARM,1990,
OA,AUS,1990,
EU,AUT,1990,
AS,AZE,1990,
NAC,BRB,1990,
NAC,BRB,2007,271444
NAC,BRB,2008,272635
NAC,BRB,2009,273791
NAC,BRB,2010,274711
NAC,BRB,2011,275486
NAC,BRB,2012,276197
NAC,BRB,2013,276865
EU,BLR,1990,
EU,BLR,1991,10194050
EU,BLR,1992,10216470
EU,BLR,1993,10239050
EU,BLR,1994,10226955
EU,BLR,1995,10193831
EU,BLR,1996,10159569
EU,BLR,1997,10117433
EU,BLR,1998,10071963
EU,BLR,1999,10026738
EU,BLR,2000,9979610
EU,BLR,2001,9928549
EU,BLR,2002,9865548
EU,BLR,2003,9796749
EU,BLR,2007,9560953
EU,BLR,2008,9527985
EU,BLR,2009,9504583
EU,BLR,2010,9483836
EU,BLR,2011,9461643
EU,BLR,2013,9443211
EU,BLR,2014,9448515
EU,BEL,1990,
EU,BEL,1991,10004486
EU,BEL,1992,10045158
EU,BEL,1993,10084475
EU,BEL,1994,10115603
EU,BEL,1995,10136811
EU,BEL,1996,10156637
EU,BEL,1997,10181245
EU,BEL,1998,10203008
EU,BEL,1999,10226419
EU,BEL,2000,10251250
EU,BEL,2001,10286570
EU,BEL,2002,10332785
EU,BEL,2003,10376133
EU,BEL,2004,10421137
EU,BEL,2005,10478617
EU,BEL,2006,10547958
EU,BEL,2007,10625700
EU,BEL,2008,10709973
EU,BEL,2009,10796493
EU,BEL,2010,10895586
EU,BEL,2011,11038264
EU,BEL,2012,11106932
EU,BEL,2013,11159407
EU,BEL,2014,11209057
CSA,BLZ,1990,
CSA,BLZ,1991,186462
CSA,BLZ,1993,194177
CSA,BLZ,1994,198416
CSA,BLZ,1995,203556
CSA,BLZ,1996,209840
CSA,BLZ,1997,217117
CSA,BLZ,1998,224907
CSA,BLZ,1999,232733
CSA,BLZ,2000,240406
CSA,BLZ,2001,248100
CSA,BLZ,2002,255987
CSA,BLZ,2003,263998
CSA,BLZ,2004,272128
CSA,BLZ,2005,280375
CSA,BLZ,2006,288729
CSA,BLZ,2007,297173
CSA,BLZ,2008,305671
CSA,BLZ,2009,314171
CSA,BLZ,2010,322106
CSA,BLZ,2011,329538
CSA,BLZ,2012,337059
CSA,BLZ,2013,344688
CSA,BLZ,2014,352335
EU,BIH,1990,
EU,BIH,1991,4502386
EU,BIH,2014,3571068
CSA,BRA,1990,
CSA,BRA,1991,153336445
CSA,BRA,1992,155900790
CSA,BRA,1993,158440875
CSA,BRA,1994,160980472
CSA,BRA,1995,163515328
CSA,BRA,1996,166037122
CSA,BRA,1997,168546707
CSA,BRA,1998,171039804
CSA,BRA,1999,173486281
CSA,BRA,2000,175873720
CSA,BRA,2001,178211881
CSA,BRA,2002,180476685
CSA,BRA,2003,182629278
CSA,BRA,2004,184722043
CSA,BRA,2005,186797334
CSA,BRA,2006,188820682
CSA,BRA,2007,190779453
CSA,BRA,2008,192672317
CSA,BRA,2009,194517549
CSA,BRA,2010,196353492
CSA,BRA,2011,198185302
CSA,BRA,2012,199977707
CSA,BRA,2013,201721767
CSA,BRA,2014,203459650
AS,BRN,1996,306196
AS,BRN,1997,313215
AS,BRN,1998,320152
AS,BRN,1999,327045
AS,BRN,2000,333926
AS,BRN,2001,340748
AS,BRN,2002,347463
AS,BRN,2003,354045
AS,BRN,2004,360461
AS,BRN,2005,366717
AS,BRN,2006,372808
AS,BRN,2007,378748
AS,BRN,2008,384568
AS,BRN,2009,390311
AS,BRN,2010,396053
AS,BRN,2011,401506
AS,BRN,2012,406634
AS,BRN,2013,411702
AS,BRN,2014,416656
EU,BGR,1990,
EU,BGR,1991,8632367
EU,BGR,1992,8540164
EU,BGR,1993,8472313
EU,BGR,1994,8443591
EU,BGR,1995,8406067
EU,BGR,1996,8362826
EU,BGR,1997,8312068
EU,BGR,1998,8256786
EU,BGR,1999,8210624
EU,BGR,2000,8170172
EU,BGR,2001,8009142
EU,BGR,2002,7837161
EU,BGR,2003,7775327
EU,BGR,2004,7716860
EU,BGR,2005,7658972
EU,BGR,2006,7601022
EU,BGR,2007,7545338
EU,BGR,2008,7492561
EU,BGR,2009,7444443
EU,BGR,2010,7395599
EU,BGR,2011,7348328
EU,BGR,2012,7305888
EU,BGR,2013,7265115
EU,BGR,2014,7223938
AF,CPV,2011,527521
NAC,CAN,1990,
NAC,CAN,1991,28037420
NAC,CAN,1992,28371264
NAC,CAN,1993,28684764
NAC,CAN,1994,29000663
NAC,CAN,1995,29302311
NAC,CAN,1996,29610218
NAC,CAN,1997,29905948
NAC,CAN,1998,30155173
NAC,CAN,1999,30401286
NAC,CAN,2000,30685730
NAC,CAN,2001,31020902
NAC,CAN,2002,31360079
NAC,CAN,2003,31644028
NAC,CAN,2004,31940655
NAC,CAN,2005,32243753
NAC,CAN,2006,32571174
NAC,CAN,2007,32889025
NAC,CAN,2008,33247118
NAC,CAN,2009,33628895
NAC,CAN,2010,34004889
NAC,CAN,2011,34339328
NAC,CAN,2012,34714222
NAC,CAN,2013,35082954
NAC,CAN,2014,35437435
CSA,CHL,1990,
CSA,CHL,1991,13561945
CSA,CHL,1992,13782297
CSA,CHL,1993,13998386
CSA,CHL,1994,14210674
CSA,CHL,1995,14416796
CSA,CHL,1996,14615483
CSA,CHL,1997,14809289
CSA,CHL,1998,14996742
CSA,CHL,1999,15176410
CSA,CHL,2000,15351799
CSA,CHL,2001,15523978
CSA,CHL,2002,15693790
CSA,CHL,2003,15859112
CSA,CHL,2004,16017966
CSA,CHL,2005,16175311
CSA,CHL,2006,16334575
CSA,CHL,2007,16495538
CSA,CHL,2008,16661462
CSA,CHL,2009,16833447
CSA,CHL,2010,17004162
CSA,CHL,2011,17173573
CSA,CHL,2012,17341771
CSA,CHL,2013,17509925
CSA,CHL,2014,17687108
CSA,COL,1990,
CSA,COL,1991,33272628
CSA,COL,1992,33939039
CSA,COL,1993,34614735
CSA,COL,1994,35295461
CSA,COL,1995,35970101
CSA,COL,1996,36632573
CSA,COL,1997,37291946
CSA,COL,1998,37944414
CSA,COL,1999,38585033
CSA,COL,2000,39215135
CSA,COL,2001,39837875
CSA,COL,2002,40454050
CSA,COL,2003,41057687
CSA,COL,2004,41648268
CSA,COL,2005,42220940
CSA,COL,2006,42772910
CSA,COL,2007,43306582
CSA,COL,2008,43815313
CSA,COL,2009,44313917
CSA,COL,2010,44816108
CSA,COL,2011,45308899
CSA,COL,2012,45782417
CSA,COL,2013,46237930
CSA,COL,2014,46677947
CSA,CRI,1990,
CSA,CRI,1991,3239414
CSA,CRI,1992,3321939
CSA,CRI,1993,3405372
CSA,CRI,1994,3489152
CSA,CRI,1995,3572856
CSA,CRI,1996,3656234
CSA,CRI,1997,3739421
CSA,CRI,1998,3821421
CSA,CRI,1999,3901430
CSA,CRI,2000,3979193
CSA,CRI,2001,4053222
CSA,CRI,2002,4122623
CSA,CRI,2003,4188610
CSA,CRI,2004,4252800
CSA,CRI,2005,4315887
CSA,CRI,2006,4378172
CSA,CRI,2007,4440019
CSA,CRI,2008,4501921
CSA,CRI,2009,4563127
CSA,CRI,2010,4622252
CSA,CRI,2011,4679926
CSA,CRI,2012,4736593
CSA,CRI,2013,4791535
CSA,CRI,2014,4844288
EU,HRV,1990,
EU,HRV,1991,4689022
EU,HRV,1992,4575818
EU,HRV,1993,4600463
EU,HRV,1994,4652024
EU,HRV,1995,4620030
EU,HRV,1996,4557097
EU,HRV,1997,4534920
EU,HRV,1998,4532135
EU,HRV,1999,4512597
EU,HRV,2000,4468302
EU,HRV,2001,4299642
EU,HRV,2002,4302174
EU,HRV,2003,4303399
EU,HRV,2004,4304600
EU,HRV,2005,4310145
EU,HRV,2006,4311159
EU,HRV,2007,4310217
EU,HRV,2008,4309705
EU,HRV,2009,4305181
EU,HRV,2010,4295427
EU,HRV,2011,4280622
EU,HRV,2012,4267558
EU,HRV,2013,4255689
EU,HRV,2014,4238389
NAC,CUB,1992,10783748
NAC,CUB,1993,10840934
NAC,CUB,1994,10887207
NAC,CUB,1995,10926703
NAC,CUB,1996,10963031
NAC,CUB,1997,10998129
NAC,CUB,1998,11033758
NAC,CUB,1999,11070094
NAC,CUB,2000,11105791
NAC,CUB,2001,11139127
NAC,CUB,2002,11170051
NAC,CUB,2003,11199217
NAC,CUB,2004,11225294
NAC,CUB,2005,11246114
NAC,CUB,2006,11260630
NAC,CUB,2007,11269887
NAC,CUB,2008,11276609
NAC,CUB,2009,11283185
NAC,CUB,2010,11290417
NAC,CUB,2011,11298710
NAC,CUB,2012,11309290
NAC,CUB,2013,11321579
NAC,CUB,2014,11332026
AS,CYP,1999,931600
AS,CYP,2000,948237
AS,CYP,2004,1018684
AS,CYP,2005,1037062
AS,CYP,2006,1055438
AS,CYP,2007,1073873
AS,CYP,2008,1092390
AS,CYP,2009,1110974
AS,CYP,2010,1129686
AS,CYP,2011,1145086
AS,CYP,2012,1156556
AS,CYP,2013,1166968
AS,CYP,2014,1176995
EU,CZE,1990,
EU,CZE,1991,10308578
EU,CZE,1992,10319123
EU,CZE,1993,10329855
EU,CZE,1994,10333587
EU,CZE,1995,10327253
EU,CZE,1996,10315241
EU,CZE,1997,10304131
EU,CZE,1998,10294373
EU,CZE,1999,10283860
EU,CZE,2000,10255063
EU,CZE,2001,10216605
EU,CZE,2002,10196916
EU,CZE,2003,10193998
EU,CZE,2004,10197101
EU,CZE,2005,10211216
EU,CZE,2006,10238905
EU,CZE,2007,10298828
EU,CZE,2008,10384603
EU,CZE,2009,10443936
EU,CZE,2010,10474410
EU,CZE,2011,10496088
EU,CZE,2012,10510785
EU,CZE,2013,10514272
EU,CZE,2014,10525347
EU,DNK,1990,
EU,DNK,1991,5154298
EU,DNK,1992,5171370
EU,DNK,1993,5188628
EU,DNK,1994,5206180
EU,DNK,1995,5233373
EU,DNK,1996,5263074
EU,DNK,1997,5284991
EU,DNK,1998,5304219
EU,DNK,1999,5321799
EU,DNK,2000,5339616
EU,DNK,2001,5358783
EU,DNK,2002,5375931
EU,DNK,2003,5390574
EU,DNK,2004,5404523
EU,DNK,2005,5419432
EU,DNK,2006,5437272
EU,DNK,2007,5461438
EU,DNK,2008,5493621
EU,DNK,2009,5523095
EU,DNK,2010,5547683
EU,DNK,2011,5570572
EU,DNK,2012,5591572
EU,DNK,2013,5614932
EU,DNK,2014,5643475
NAC,DMA,1990,
NAC,DMA,1991,69141
NAC,DMA,1992,69112
NAC,DMA,1993,69169
NAC,DMA,1994,69198
NAC,DMA,1995,69201
NAC,DMA,1996,69166
NAC,DMA,1997,69081
NAC,DMA,1998,68938
NAC,DMA,1999,68698
NAC,DMA,2000,68346
NAC,DMA,2001,68153
NAC,DMA,2002,68262
NAC,DMA,2003,68442
NAC,DMA,2004,68574
NAC,DMA,2005,68674
NAC,DMA,2006,68742
NAC,DMA,2007,68775
NAC,DMA,2008,68782
NAC,DMA,2009,68787
NAC,DMA,2010,68755
NAC,DMA,2011,68742
NAC,DMA,2012,68888
NAC,DMA,2013,68819
NAC,DMA,2014,69371
NAC,DOM,1990,
NAC,DOM,1991,7278402
NAC,DOM,1992,7427340
NAC,DOM,1994,7723934
NAC,DOM,1995,7869753
NAC,DOM,1996,8012314
NAC,DOM,1997,8150076
NAC,DOM,1998,8282126
NAC,DOM,1999,8411374
NAC,DOM,2000,8540791
NAC,DOM,2001,8669040
NAC,DOM,2002,8795101
NAC,DOM,2003,8919852
NAC,DOM,2004,9043127
NAC,DOM,2005,9164768
NAC,DOM,2006,9284168
NAC,DOM,2007,9402206
NAC,DOM,2008,9522948
NAC,DOM,2009,9648061
NAC,DOM,2010,9775755
NAC,DOM,2011,9903737
NAC,DOM,2012,10030882
NAC,DOM,2013,10157051
NAC,DOM,2014,10282115
CSA,ECU,1990,
CSA,ECU,1991,10686279
CSA,ECU,1992,10914222
CSA,ECU,1993,11132829
CSA,ECU,1994,11347652
CSA,ECU,1995,11561683
CSA,ECU,1996,11775221
CSA,ECU,1997,11987838
CSA,ECU,1998,12199693
CSA,ECU,1999,12412046
CSA,ECU,2000,12626507
CSA,ECU,2001,12845521
CSA,ECU,2002,13070609
CSA,ECU,2003,13301184
CSA,ECU,2004,13534593
CSA,ECU,2005,13770012
CSA,ECU,2006,14009061
CSA,ECU,2007,14251835
CSA,ECU,2008,14496797
CSA,ECU,2009,14742766
CSA,ECU,2010,14989585
CSA,ECU,2011,15237728
CSA,ECU,2012,15483883
CSA,ECU,2013,15722989
CSA,ECU,2014,15957994
AF,EGY,2000,71371371
AF,EGY,2001,72854261
AF,EGY,2002,74393759
AF,EGY,2003,75963322
AF,EGY,2009,85501064
AF,EGY,2010,87252413
AF,EGY,2011,89200054
AF,EGY,2012,91240376
AF,EGY,2013,93377890
AF,EGY,2014,95592324
CSA,SLV,1990,
CSA,SLV,1991,5461070
CSA,SLV,1992,5552206
CSA,SLV,1993,5630987
CSA,SLV,1995,5748195
CSA,SLV,1996,5797140
CSA,SLV,1997,5842638
CSA,SLV,1998,5885083
CSA,SLV,1999,5923852
CSA,SLV,2000,5958482
CSA,SLV,2001,5988095
CSA,SLV,2002,6011275
CSA,SLV,2003,6026849
CSA,SLV,2004,6035655
CSA,SLV,2005,6037817
CSA,SLV,2006,6034436
CSA,SLV,2007,6044131
CSA,SLV,2008,6068099
CSA,SLV,2009,6091188
CSA,SLV,2010,6114034
CSA,SLV,2011,6137349
CSA,SLV,2012,6161289
CSA,SLV,2013,6185642
CSA,SLV,2014,6209526
EU,EST,1990,
EU,EST,1991,1561314
EU,EST,1992,1533091
EU,EST,1993,1494128
EU,EST,1994,1462514
EU,EST,1995,1436634
EU,EST,1996,1415594
EU,EST,1997,1399535
EU,EST,1998,1386156
EU,EST,1999,1390244
EU,EST,2000,1396985
EU,EST,2001,1388115
EU,EST,2002,1379350
EU,EST,2003,1370720
EU,EST,2004,1362550
EU,EST,2005,1354775
EU,EST,2006,1346810
EU,EST,2007,1340680
EU,EST,2008,1337090
EU,EST,2009,1334515
EU,EST,2010,1331475
EU,EST,2011,1327439
EU,EST,2012,1322696
EU,EST,2013,1317997
EU,EST,2014,1314545
OA,FJI,2001,841320
OA,FJI,2002,849891
OA,FJI,2003,858306
OA,FJI,2004,866694
OA,FJI,2005,874923
OA,FJI,2006,883083
OA,FJI,2007,890648
OA,FJI,2008,896731
OA,FJI,2009,901383
OA,FJI,2011,908355
OA,FJI,2012,911059
EU,FIN,1990,
EU,FIN,1991,5013740
EU,FIN,1992,5041992
EU,FIN,1993,5066447
EU,FIN,1994,5088333
EU,FIN,1995,5107790
EU,FIN,1996,5124573
EU,FIN,1997,5139835
EU,FIN,1998,5153498
EU,FIN,1999,5165474
EU,FIN,2000,5176209
EU,FIN,2001,5188008
EU,FIN,2002,5200598
EU,FIN,2003,5213014
EU,FIN,2004,5228172
EU,FIN,2005,5246096
EU,FIN,2006,5266268
EU,FIN,2007,5288720
EU,FIN,2008,5313399
EU,FIN,2009,5338871
EU,FIN,2010,5363352
EU,FIN,2011,5388272
EU,FIN,2012,5413971
EU,FIN,2013,5438972
EU,FIN,2014,5461512
EU,FRA,1990,
EU,FRA,1991,58557577
EU,FRA,1992,58849943
EU,FRA,1993,59106166
EU,FRA,1994,59327585
EU,FRA,1995,59543659
EU,FRA,1996,59756533
EU,FRA,1997,59969944
EU,FRA,1998,60192790
EU,FRA,1999,60504420
EU,FRA,2000,60921384
EU,FRA,2001,61367388
EU,FRA,2002,61816234
EU,FRA,2003,62256970
EU,FRA,2004,62716306
EU,FRA,2005,63188395
EU,FRA,2006,63628261
EU,FRA,2007,64021737
EU,FRA,2008,64379696
EU,FRA,2009,64710879
EU,FRA,2010,65030575
EU,FRA,2011,65345233
EU,FRA,2012,65662240
EU,FRA,2013,66002289
EU,FRA,2014,66312067
CSA,GUF,2001,
CSA,GUF,2002,
CSA,GUF,2003,
CSA,GUF,2004,
CSA,GUF,2005,
CSA,GUF,2006,
CSA,GUF,2007,
CSA,GUF,2008,
CSA,GUF,2009,
CSA,GUF,2010,
CSA,GUF,2011,
CSA,GUF,2012,
CSA,GUF,2013,
CSA,GUF,2014,
AS,GEO,1990,
AS,GEO,1991,4835900
AS,GEO,1992,4873500
AS,GEO,1994,4836076
AS,GEO,1995,4657722
AS,GEO,1996,4491699
AS,GEO,1997,4349913
AS,GEO,1998,4243607
AS,GEO,1999,4157192
AS,GEO,2000,4077131
AS,GEO,2001,4014373
AS,GEO,2004,3927340
AS,GEO,2005,3902469
AS,GEO,2006,3880347
AS,GEO,2007,3860158
AS,GEO,2009,3814419
AS,GEO,2010,3786695
AS,GEO,2011,3756441
AS,GEO,2012,3728874
AS,GEO,2013,3717668
AS,GEO,2014,3719414
EU,DEU,1990,
EU,DEU,1991,80013896
EU,DEU,1992,80624598
EU,DEU,1993,81156363
EU,DEU,1994,81438348
EU,DEU,1995,81678051
EU,DEU,1996,81914831
EU,DEU,1997,82034771
EU,DEU,1998,82047195
EU,DEU,1999,82100243
EU,DEU,2000,82211508
EU,DEU,2001,82349925
EU,DEU,2002,82488495
EU,DEU,2003,82534176
EU,DEU,2004,82516260
EU,DEU,2005,82469422
EU,DEU,2006,82376451
EU,DEU,2007,82266372
EU,DEU,2008,82110097
EU,DEU,2009,81902307
EU,DEU,2010,81776930
EU,DEU,2011,80274983
EU,DEU,2012,80425823
EU,DEU,2013,80645605
EU,DEU,2014,80982500
EU,GRC,1990,
EU,GRC,1991,10319927
EU,GRC,1992,10399061
EU,GRC,1993,10460415
EU,GRC,1994,10512922
EU,GRC,1995,10562153
EU,GRC,1996,10608800
EU,GRC,1997,10661259
EU,GRC,1998,10720509
EU,GRC,1999,10761698
EU,GRC,2000,10805808
EU,GRC,2001,10862132
EU,GRC,2002,10902022
EU,GRC,2003,10928070
EU,GRC,2004,10955141
EU,GRC,2005,10987314
EU,GRC,2006,11020362
EU,GRC,2007,11048473
EU,GRC,2008,11077841
EU,GRC,2009,11107017
EU,GRC,2010,11121341
EU,GRC,2011,11104899
EU,GRC,2012,11045011
EU,GRC,2013,10965211
EU,GRC,2014,10892413
NAC,GRD,1990,
NAC,GRD,1991,99758
NAC,GRD,1992,101040
NAC,GRD,1993,102173
NAC,GRD,1994,103174
NAC,GRD,1995,104060
NAC,GRD,1996,104846
NAC,GRD,2001,107936
NAC,GRD,2002,108231
NAC,GRD,2003,108740
NAC,GRD,2004,109516
NAC,GRD,2005,110254
NAC,GRD,2006,110988
NAC,GRD,2007,111725
NAC,GRD,2008,112478
NAC,GRD,2009,113249
NAC,GRD,2010,114039
NAC,GRD,2011,114918
NAC,GRD,2012,115912
NAC,GRD,2013,116945
NAC,GRD,2014,117972
NAC,GLP,2000,
NAC,GLP,2001,
NAC,GLP,2002,
NAC,GLP,2003,
NAC,GLP,2004,
NAC,GLP,2005,
NAC,GLP,2006,
NAC,GLP,2007,
NAC,GLP,2008,
NAC,GLP,2009,
NAC,GLP,2010,
NAC,GLP,2011,
NAC,GLP,2012,
NAC,GLP,2013,
NAC,GLP,2014,
CSA,GTM,1990,
CSA,GTM,1991,9296814
CSA,GTM,1992,9544055
CSA,GTM,1993,9790619
CSA,GTM,1994,10037522
CSA,GTM,1995,10286786
CSA,GTM,1996,10536942
CSA,GTM,1997,10788362
CSA,GTM,1998,11046215
CSA,GTM,1999,11311078
CSA,GTM,2000,11589761
CSA,GTM,2001,11871565
CSA,GTM,2002,12147518
CSA,GTM,2003,12415334
CSA,GTM,2004,12682108
CSA,GTM,2005,12948292
CSA,GTM,2006,13213330
CSA,GTM,2007,13477017
CSA,GTM,2008,13739299
CSA,GTM,2009,14000190
CSA,GTM,2010,14259687
CSA,GTM,2011,14521515
CSA,GTM,2012,14781942
CSA,GUY,1990,
CSA,GUY,1991,744096
CSA,GUY,1992,744998
CSA,GUY,1993,747189
CSA,GUY,1994,749546
CSA,GUY,1995,751689
CSA,GUY,1996,753571
CSA,GUY,1997,755211
CSA,GUY,1998,756697
CSA,GUY,1999,758014
CSA,GUY,2001,759809
CSA,GUY,2002,760323
CSA,GUY,2003,760562
CSA,GUY,2004,760424
CSA,GUY,2005,759709
CSA,GUY,2006,758367
CSA,GUY,2007,756521
CSA,GUY,2008,754150
CSA,GUY,2009,751258
CSA,GUY,2010,747932
CSA,GUY,2011,744230
CSA,GUY,2012,743966
CSA,GUY,2013,747420
CSA,GUY,2014,751115
AS,HKG,1990,
AS,HKG,1991,5752000
AS,HKG,1992,5800500
AS,HKG,1993,5901000
AS,HKG,1994,6035400
AS,HKG,1995,6156100
AS,HKG,1996,6435500
AS,HKG,1997,6489300
AS,HKG,1998,6543700
AS,HKG,1999,6606500
AS,HKG,2000,6665000
AS,HKG,2001,6714300
AS,HKG,2002,6744100
AS,HKG,2003,6730800
AS,HKG,2004,6783500
AS,HKG,2005,6813200
AS,HKG,2006,6857100
AS,HKG,2007,6916300
AS,HKG,2008,6957800
AS,HKG,2009,6972800
AS,HKG,2010,7024200
AS,HKG,2011,7071600
AS,HKG,2012,7150100
AS,HKG,2013,7178900
AS,HKG,2014,7229500
EU,HUN,1990,
EU,HUN,1991,10373400
EU,HUN,1992,10369341
EU,HUN,1993,10357523
EU,HUN,1994,10343355
EU,HUN,1995,10328965
EU,HUN,1996,10311238
EU,HUN,1997,10290486
EU,HUN,1998,10266570
EU,HUN,1999,10237530
EU,HUN,2000,10210971
EU,HUN,2001,10187576
EU,HUN,2002,10158608
EU,HUN,2003,10129552
EU,HUN,2004,10107146
EU,HUN,2005,10087065
EU,HUN,2006,10071370
EU,HUN,2007,10055780
EU,HUN,2008,10038188
EU,HUN,2009,10022650
EU,HUN,2010,10000023
EU,HUN,2011,9971727
EU,HUN,2012,9920362
EU,HUN,2013,9893082
EU,HUN,2014,9866468
EU,ISL,1990,
EU,ISL,1991,257797
EU,ISL,1992,261057
EU,ISL,1993,263725
EU,ISL,1994,266021
EU,ISL,1995,267468
EU,ISL,1996,268916
EU,ISL,1997,271128
EU,ISL,1998,274047
EU,ISL,1999,277381
EU,ISL,2000,281205
EU,ISL,2001,284968
EU,ISL,2002,287523
EU,ISL,2003,289521
EU,ISL,2004,292074
EU,ISL,2005,296734
EU,ISL,2006,303782
EU,ISL,2007,311566
EU,ISL,2008,317414
EU,ISL,2009,318499
EU,ISL,2010,318041
EU,ISL,2011,319014
EU,ISL,2012,320716
EU,ISL,2013,323764
EU,ISL,2014,327386
AS,IRN,2013,78458928
AS,IRN,2014,79961672
AS,IRQ,2008,29218381
EU,IRL,1990,
EU,IRL,1991,3534235
EU,IRL,1992,3558430
EU,IRL,1993,3576261
EU,IRL,1994,3590386
EU,IRL,1995,3608841
EU,IRL,1996,3637510
EU,IRL,1997,3674171
EU,IRL,1998,3712696
EU,IRL,1999,3754786
EU,IRL,2000,3805174
EU,IRL,2001,3866243
EU,IRL,2002,3931947
EU,IRL,2003,3996521
EU,IRL,2004,4070262
EU,IRL,2005,4159914
EU,IRL,2006,4273591
EU,IRL,2007,4398942
EU,IRL,2008,4489544
EU,IRL,2009,4535375
EU,IRL,2010,4560155
EU,IRL,2011,4580084
EU,IRL,2012,4599533
EU,IRL,2013,4623816
EU,IRL,2014,4657740
AS,ISR,1990,
AS,ISR,1991,4949000
AS,ISR,1992,5123000
AS,ISR,1993,5261000
AS,ISR,1994,5399000
AS,ISR,1995,5545000
AS,ISR,1996,5692000
AS,ISR,1997,5836000
AS,ISR,1998,5971000
AS,ISR,1999,6125000
AS,ISR,2000,6289000
AS,ISR,2001,6439000
AS,ISR,2002,6570000
AS,ISR,2003,6689700
AS,ISR,2004,6809000
AS,ISR,2005,6930100
AS,ISR,2006,7053700
AS,ISR,2007,7180100
AS,ISR,2008,7308800
AS,ISR,2009,7485600
AS,ISR,2010,7623600
AS,ISR,2011,7765800
AS,ISR,2012,7910500
AS,ISR,2013,8059500
AS,ISR,2014,8215700
EU,ITA,1990,
EU,ITA,1991,56758521
EU,ITA,1992,56797087
EU,ITA,1993,56831821
EU,ITA,1994,56843400
EU,ITA,1995,56844303
EU,ITA,1996,56860281
EU,ITA,1997,56890372
EU,ITA,1998,56906744
EU,ITA,1999,56916317
EU,ITA,2000,56942108
EU,ITA,2001,56974100
EU,ITA,2002,57059007
EU,ITA,2003,57313203
EU,ITA,2004,57685327
EU,ITA,2005,57969484
EU,ITA,2006,58143979
EU,ITA,2007,58438310
EU,ITA,2008,58826731
EU,ITA,2009,59095365
EU,ITA,2010,59277417
EU,ITA,2011,59379449
EU,ITA,2012,59539717
EU,ITA,2013,60233948
EU,ITA,2014,60789140
NAC,JAM,1990,
NAC,JAM,1991,2411867
NAC,JAM,2000,2612205
NAC,JAM,2001,2625405
NAC,JAM,2002,2638244
NAC,JAM,2003,2651027
NAC,JAM,2004,2664024
NAC,JAM,2005,2676863
NAC,JAM,2006,2689660
NAC,JAM,2009,2722401
NAC,JAM,2010,2733896
NAC,JAM,2011,2746169
NAC,JAM,2012,2759817
NAC,JAM,2013,2773129
NAC,JAM,2014,2784543
AS,JPN,1990,
AS,JPN,1991,123964000
AS,JPN,1992,124425000
AS,JPN,1993,124829000
AS,JPN,1994,125178000
AS,JPN,1995,125472000
AS,JPN,1996,125757000
AS,JPN,1997,126057000
AS,JPN,1998,126400000
AS,JPN,1999,126631000
AS,JPN,2000,126843000
AS,JPN,2001,127149000
AS,JPN,2002,127445000
AS,JPN,2003,127718000
AS,JPN,2004,127761000
AS,JPN,2005,127773000
AS,JPN,2006,127854000
AS,JPN,2007,128001000
AS,JPN,2008,128063000
AS,JPN,2009,128047000
AS,JPN,2010,128070000
AS,JPN,2011,127833000
AS,JPN,2012,127629000
AS,JPN,2013,127445000
AS,JPN,2014,127276000
AS,KAZ,1990,
AS,KAZ,1991,16451711
AS,KAZ,1992,16439095
AS,KAZ,1993,16380672
AS,KAZ,1994,16145766
AS,KAZ,1995,15816243
AS,KAZ,1996,15578227
AS,KAZ,1997,15334405
AS,KAZ,1998,15071640
AS,KAZ,1999,14928374
AS,KAZ,2000,14883626
AS,KAZ,2001,14858335
AS,KAZ,2002,14858948
AS,KAZ,2003,14909019
AS,KAZ,2004,15012984
AS,KAZ,2005,15147029
AS,KAZ,2006,15308085
AS,KAZ,2007,15484192
AS,KAZ,2008,15776938
AS,KAZ,2009,16092822
AS,KAZ,2010,16321872
AS,KAZ,2011,16557202
AS,KAZ,2012,16792090
AS,KAZ,2013,17035551
AS,KAZ,2014,17288285
AS,KOR,1990,
AS,KOR,1991,43295704
AS,KOR,1992,43747962
AS,KOR,1993,44194628
AS,KOR,1994,44641540
AS,KOR,1995,45092991
AS,KOR,1996,45524681
AS,KOR,1997,45953580
AS,KOR,1998,46286503
AS,KOR,1999,46616677
AS,KOR,2000,47008111
AS,KOR,2001,47370164
AS,KOR,2002,47644736
AS,KOR,2003,47892330
AS,KOR,2004,48082519
AS,KOR,2005,48184561
AS,KOR,2006,48438292
AS,KOR,2007,48683638
AS,KOR,2008,49054708
AS,KOR,2009,49307835
AS,KOR,2010,49554112
AS,KOR,2011,49936638
AS,KOR,2012,50199853
AS,KOR,2013,50428893
AS,KOR,2014,50746659
AS,KWT,1993,1653645
AS,KWT,1994,1641106
AS,KWT,1995,1655222
AS,KWT,1996,1703318
AS,KWT,1997,1761468
AS,KWT,1998,1819544
AS,KWT,1999,1877427
AS,KWT,2000,1934901
AS,KWT,2001,1991674
AS,KWT,2002,2047364
AS,KWT,2003,2101506
AS,KWT,2004,2153481
AS,KWT,2005,2235403
AS,KWT,2006,2363409
AS,KWT,2007,2506769
AS,KWT,2008,2650930
AS,KWT,2009,2795550
AS,KWT,2010,2943356
AS,KWT,2011,3143825
AS,KWT,2012,3394663
AS,KWT,2013,3646518
AS,KWT,2014,3761584
AS,KGZ,1990,
AS,KGZ,1991,4463600
AS,KGZ,1992,4515400
AS,KGZ,1993,4516700
AS,KGZ,1994,4515100
AS,KGZ,1995,4560400
AS,KGZ,1996,4628400
AS,KGZ,1997,4696400
AS,KGZ,1998,4769000
AS,KGZ,1999,4840400
AS,KGZ,2000,4898400
AS,KGZ,2001,4945100
AS,KGZ,2002,4990700
AS,KGZ,2003,5043300
AS,KGZ,2004,5104700
AS,KGZ,2005,5162600
AS,KGZ,2006,5218400
AS,KGZ,2007,5268400
AS,KGZ,2008,5318700
AS,KGZ,2009,5383300
AS,KGZ,2010,5447900
AS,KGZ,2011,5514600
AS,KGZ,2012,5607200
AS,KGZ,2013,5719600
AS,KGZ,2014,5835500
EU,LVA,1990,
EU,LVA,1991,2650581
EU,LVA,1992,2614338
EU,LVA,1993,2563290
EU,LVA,1994,2520742
EU,LVA,1995,2485056
EU,LVA,1996,2457222
EU,LVA,1997,2432851
EU,LVA,1998,2410019
EU,LVA,1999,2390482
EU,LVA,2000,2367550
EU,LVA,2001,2337170
EU,LVA,2002,2310173
EU,LVA,2003,2287955
EU,LVA,2004,2263122
EU,LVA,2005,2238799
EU,LVA,2006,2218357
EU,LVA,2007,2200325
EU,LVA,2008,2177322
EU,LVA,2009,2141669
EU,LVA,2010,2097555
EU,LVA,2011,2059709
EU,LVA,2012,2034319
EU,LVA,2013,2012647
EU,LVA,2014,1993782
EU,LTU,1990,
EU,LTU,1991,3704134
EU,LTU,1992,3700114
EU,LTU,1993,3682613
EU,LTU,1994,3657144
EU,LTU,1995,3629102
EU,LTU,1996,3601613
EU,LTU,1997,3575137
EU,LTU,1998,3549331
EU,LTU,1999,3524238
EU,LTU,2000,3499536
EU,LTU,2001,3470818
EU,LTU,2002,3443067
EU,LTU,2003,3415213
EU,LTU,2004,3377075
EU,LTU,2005,3322528
EU,LTU,2006,3269909
EU,LTU,2007,3231294
EU,LTU,2008,3198231
EU,LTU,2009,3162916
EU,LTU,2010,3097282
EU,LTU,2011,3028115
EU,LTU,2012,2987773
EU,LTU,2013,2957689
EU,LTU,2014,2932367
EU,LUX,1990,
EU,LUX,1991,387000
EU,LUX,1992,392175
EU,LUX,1993,397475
EU,LUX,1994,402925
EU,LUX,1995,408625
EU,LUX,1996,414225
EU,LUX,1997,419450
EU,LUX,1998,424700
EU,LUX,1999,430475
EU,LUX,2000,436300
EU,LUX,2001,441525
EU,LUX,2002,446175
EU,LUX,2003,451630
EU,LUX,2004,458095
EU,LUX,2005,465158
EU,LUX,2006,472637
EU,LUX,2007,479993
EU,LUX,2008,488650
EU,LUX,2009,497783
EU,LUX,2010,506953
EU,LUX,2011,518347
EU,LUX,2012,530946
EU,LUX,2013,543360
EU,LUX,2014,556319
AS,MDV,2000,282507
AS,MDV,2001,287324
AS,MDV,2002,292284
AS,MDV,2003,297226
AS,MDV,2004,302135
AS,MDV,2005,307018
AS,MDV,2007,325126
AS,MDV,2008,336883
AS,MDV,2010,361575
AS,MDV,2011,374440
AS,MDV,2012,387539
AS,MDV,2013,400728
AS,MDV,2014,416738
EU,MLT,1990,
EU,MLT,1991,363845
EU,MLT,1992,367618
EU,MLT,1993,371308
EU,MLT,1994,374797
EU,MLT,1995,377419
EU,MLT,1996,379905
EU,MLT,1997,382791
EU,MLT,1998,385287
EU,MLT,1999,387578
EU,MLT,2000,390087
EU,MLT,2001,393028
EU,MLT,2002,395969
EU,MLT,2003,398582
EU,MLT,2004,401268
EU,MLT,2005,403834
EU,MLT,2006,405308
EU,MLT,2007,406724
EU,MLT,2008,409379
EU,MLT,2009,412477
EU,MLT,2010,414508
EU,MLT,2011,416268
EU,MLT,2012,420028
EU,MLT,2013,425967
EU,MLT,2014,434558
NAC,MTQ,2000,
NAC,MTQ,2001,
NAC,MTQ,2002,
NAC,MTQ,2003,
NAC,MTQ,2004,
NAC,MTQ,2005,
NAC,MTQ,2006,
NAC,MTQ,2007,
NAC,MTQ,2008,
NAC,MTQ,2009,
NAC,MTQ,2010,
NAC,MTQ,2011,
NAC,MTQ,2013,
NAC,MTQ,2014,
AF,MUS,1990,
AF,MUS,1991,1070266
AF,MUS,1992,1084441
AF,MUS,1993,1097374
AF,MUS,1994,1112846
AF,MUS,1995,1122457
AF,MUS,1996,1133996
AF,MUS,1997,1148284
AF,MUS,1998,1160421
AF,MUS,1999,1175267
AF,MUS,2000,1186873
AF,MUS,2001,1196287
AF,MUS,2002,1204621
AF,MUS,2003,1213370
AF,MUS,2004,1221003
AF,MUS,2005,1228254
AF,MUS,2006,1233996
AF,MUS,2007,1239630
AF,MUS,2008,1244121
AF,MUS,2009,1247429
AF,MUS,2010,1250400
AF,MUS,2011,1252404
AF,MUS,2012,1255882
AF,MUS,2013,1258927
AF,MUS,2014,1261208
AF,MYT,2012,
AF,MYT,2013,
AF,MYT,2014,
CSA,MEX,1990,
CSA,MEX,1991,83351595
CSA,MEX,1992,84993164
CSA,MEX,1993,86648447
CSA,MEX,1994,88314424
CSA,MEX,1995,89969572
CSA,MEX,1996,91586555
CSA,MEX,1997,93183094
CSA,MEX,1998,94767284
CSA,MEX,1999,96334810
CSA,MEX,2000,97873442
CSA,MEX,2001,99394288
CSA,MEX,2002,100917081
CSA,MEX,2003,102429341
CSA,MEX,2004,103945813
CSA,MEX,2005,105442402
CSA,MEX,2006,106886790
CSA,MEX,2007,108302973
CSA,MEX,2008,109684489
CSA,MEX,2009,111049428
CSA,MEX,2010,112532401
CSA,MEX,2011,114150481
CSA,MEX,2012,115755909
CSA,MEX,2013,117290686
CSA,MEX,2014,118755887
EU,MDA,1990,
EU,MDA,1991,2973210
EU,MDA,1992,2975621
EU,MDA,1993,2974817
EU,MDA,1994,2967585
EU,MDA,1995,2953200
EU,MDA,1996,2947293
EU,MDA,1997,2936413
EU,MDA,1998,2935227
EU,MDA,1999,2930622
EU,MDA,2000,2924668
EU,MDA,2001,2918135
EU,MDA,2002,2911385
EU,MDA,2003,2903198
EU,MDA,2004,2896023
EU,MDA,2005,2888985
EU,MDA,2006,2880967
EU,MDA,2007,2874299
EU,MDA,2008,2868833
EU,MDA,2009,2865213
EU,MDA,2010,2862354
EU,MDA,2011,2860699
EU,MDA,2012,2860324
EU,MDA,2013,2859558
EU,MDA,2014,2857815
EU,MNE,2005,614261
EU,MNE,2007,615875
EU,MNE,2008,616969
EU,MNE,2009,618294
EU,NLD,1990,
EU,NLD,1991,15069798
EU,NLD,1992,15184166
EU,NLD,1993,15290368
EU,NLD,1994,15382838
EU,NLD,1995,15459006
EU,NLD,1996,15530498
EU,NLD,1997,15610650
EU,NLD,1998,15707209
EU,NLD,1999,15812088
EU,NLD,2000,15925513
EU,NLD,2001,16046180
EU,NLD,2002,16148929
EU,NLD,2003,16225302
EU,NLD,2004,16281779
EU,NLD,2005,16319868
EU,NLD,2006,16346101
EU,NLD,2007,16381696
EU,NLD,2008,16445593
EU,NLD,2009,16530388
EU,NLD,2010,16615394
EU,NLD,2011,16693074
EU,NLD,2012,16754962
EU,NLD,2013,16804432
EU,NLD,2014,16865008
OA,NZL,1990,
OA,NZL,1991,3495100
OA,NZL,1992,3531700
OA,NZL,1993,3572200
OA,NZL,1994,3620000
OA,NZL,1995,3673400
OA,NZL,1996,3732000
OA,NZL,1997,3781300
OA,NZL,1998,3815000
OA,NZL,1999,3835100
OA,NZL,2000,3857700
OA,NZL,2001,3880500
OA,NZL,2002,3948500
OA,NZL,2003,4027200
OA,NZL,2004,4087500
OA,NZL,2005,4133900
OA,NZL,2006,4184600
OA,NZL,2007,4223800
OA,NZL,2008,4259800
OA,NZL,2009,4302600
OA,NZL,2010,4350700
OA,NZL,2011,4384000
OA,NZL,2012,4408100
OA,NZL,2013,4442100
OA,NZL,2014,4516500
CSA,NIC,2005,5454678
CSA,NIC,2006,5529811
CSA,NIC,2007,5607453
CSA,NIC,2008,5687744
CSA,NIC,2009,5770639
CSA,NIC,2010,5855734
CSA,NIC,2011,5942553
CSA,NIC,2012,6030607
CSA,NIC,2013,6119379
CSA,NIC,2014,6208676
EU,MKD,1991,2036686
EU,MKD,1992,2018023
EU,MKD,1993,1996893
EU,MKD,1994,1982458
EU,MKD,1995,1983964
EU,MKD,1996,1994226
EU,MKD,1997,1996869
EU,MKD,1998,2007523
EU,MKD,1999,2017142
EU,MKD,2000,2026350
EU,MKD,2001,2034882
EU,MKD,2002,2020157
EU,MKD,2003,2026773
EU,MKD,2004,2032544
EU,MKD,2005,2036855
EU,MKD,2006,2040228
EU,MKD,2007,2043559
EU,MKD,2008,2046898
EU,MKD,2009,2050671
EU,MKD,2010,2055004
EU,MKD,2011,2058539
EU,MKD,2012,2061044
EU,MKD,2013,2064032
EU,NOR,1990,
EU,NOR,1991,4261732
EU,NOR,1992,4286401
EU,NOR,1993,4311991
EU,NOR,1994,4336613
EU,NOR,1995,4359184
EU,NOR,1996,4381336
EU,NOR,1997,4405157
EU,NOR,1998,4431464
EU,NOR,1999,4461913
EU,NOR,2000,4490967
EU,NOR,2001,4513751
EU,NOR,2002,4538159
EU,NOR,2003,4564855
EU,NOR,2004,4591910
EU,NOR,2005,4623291
EU,NOR,2006,4660677
EU,NOR,2007,4709153
EU,NOR,2008,4768212
EU,NOR,2009,4828726
EU,NOR,2010,4889252
EU,NOR,2011,4953088
EU,NOR,2012,5018573
EU,NOR,2013,5079623
EU,NOR,2014,5137232
CSA,PAN,1996,2771606
CSA,PAN,1997,2827992
CSA,PAN,1998,2885177
CSA,PAN,1999,2943120
CSA,PAN,2000,3001731
CSA,PAN,2001,3061024
CSA,PAN,2002,3120990
CSA,PAN,2003,3181608
CSA,PAN,2004,3243311
CSA,PAN,2005,3305868
CSA,PAN,2006,3368573
CSA,PAN,2007,3431614
CSA,PAN,2008,3495276
CSA,PAN,2009,3559343
CSA,PAN,2010,3623617
CSA,PAN,2011,3688674
CSA,PAN,2012,3754862
CSA,PAN,2013,3821556
CSA,PAN,2014,3888793
CSA,PRY,2000,5123819
CSA,PRY,2001,5211541
CSA,PRY,2002,5286512
CSA,PRY,2003,5353254
CSA,PRY,2004,5416324
CSA,PRY,2005,5476878
CSA,PRY,2006,5534675
CSA,PRY,2007,5590145
CSA,PRY,2008,5645148
CSA,PRY,2009,5702574
CSA,PRY,2010,5768613
CSA,PRY,2011,5843939
CSA,PRY,2012,5923322
CSA,PRY,2013,6005652
CSA,PRY,2014,6090721
CSA,PER,1995,24449055
CSA,PER,1996,24907304
CSA,PER,1997,25365386
CSA,PER,1998,25818226
CSA,PER,1999,26252239
CSA,PER,2000,26654439
CSA,PER,2001,27014909
CSA,PER,2002,27334503
CSA,PER,2003,27623341
CSA,PER,2004,27893911
CSA,PER,2005,28147267
CSA,PER,2006,28381078
CSA,PER,2007,28600387
CSA,PER,2008,28806185
CSA,PER,2009,29009326
CSA,PER,2010,29229572
CSA,PER,2011,29477721
CSA,PER,2012,29749589
CSA,PER,2013,30038809
CSA,PER,2014,30353951
AS,PHL,1992,64543525
AS,PHL,1993,66083321
AS,PHL,1997,72718837
AS,PHL,1998,74491918
AS,PHL,1999,76249064
AS,PHL,2000,77958223
AS,PHL,2001,79626086
AS,PHL,2002,81285572
AS,PHL,2003,82942837
AS,PHL,2006,87901835
AS,PHL,2007,89561377
AS,PHL,2008,91252326
AS,PHL,2009,92946951
AS,PHL,2010,94636700
AS,PHL,2011,96337913
AS,PHL,2014,101325201
EU,POL,1990,
EU,POL,1991,38246193
EU,POL,1992,38363667
EU,POL,1993,38461408
EU,POL,1994,38542652
EU,POL,1995,38594998
EU,POL,1996,38624370
EU,POL,1999,38660271
EU,POL,2000,38258629
EU,POL,2001,38248076
EU,POL,2002,38230364
EU,POL,2003,38204570
EU,POL,2004,38182222
EU,POL,2005,38165445
EU,POL,2006,38141267
EU,POL,2007,38120560
EU,POL,2008,38125759
EU,POL,2009,38151603
EU,POL,2010,38042794
EU,POL,2011,38063255
EU,POL,2012,38063164
EU,POL,2013,38040196
EU,POL,2014,38011735
EU,PRT,1990,
EU,PRT,1991,9960235
EU,PRT,1992,9952494
EU,PRT,1993,9964675
EU,PRT,1994,9991525
EU,PRT,1995,10026176
EU,PRT,1996,10063945
EU,PRT,1997,10108977
EU,PRT,1998,10160196
EU,PRT,1999,10217828
EU,PRT,2000,10289898
EU,PRT,2001,10362722
EU,PRT,2002,10419631
EU,PRT,2003,10458821
EU,PRT,2007,10542964
EU,PRT,2008,10558177
EU,PRT,2009,10568247
EU,PRT,2010,10573100
EU,PRT,2011,10557560
EU,PRT,2012,10514844
EU,PRT,2013,10457295
EU,PRT,2014,10401062
NAC,PRI,1990,
NAC,PRI,1991,3562110
NAC,PRI,1992,3585176
NAC,PRI,1993,3615497
NAC,PRI,1994,3649237
NAC,PRI,1995,3683103
NAC,PRI,1996,3724655
NAC,PRI,1997,3759430
NAC,PRI,1998,3781101
NAC,PRI,1999,3800081
NAC,PRI,2000,3810605
NAC,PRI,2001,3818774
NAC,PRI,2002,3823701
NAC,PRI,2003,3826095
NAC,PRI,2004,3826878
NAC,PRI,2005,3821362
NAC,PRI,2006,3805214
NAC,PRI,2007,3782995
NAC,PRI,2008,3760866
NAC,PRI,2009,3740410
NAC,PRI,2010,3721525
NAC,PRI,2011,3678732
NAC,PRI,2012,3634488
NAC,PRI,2013,3593077
NAC,PRI,2014,3534874
AF,REU,2001,
AF,REU,2002,
AF,REU,2003,
AF,REU,2004,
AF,REU,2005,
AF,REU,2006,
AF,REU,2007,
AF,REU,2008,
AF,REU,2009,
AF,REU,2010,
AF,REU,2011,
AF,REU,2012,
AF,REU,2013,
AF,REU,2014,
EU,ROU,1990,
EU,ROU,1991,23001155
EU,ROU,1992,22794284
EU,ROU,1993,22763280
EU,ROU,1994,22730211
EU,ROU,1995,22684270
EU,ROU,1996,22619004
EU,ROU,1997,22553978
EU,ROU,1998,22507344
EU,ROU,1999,22472040
EU,ROU,2000,22442971
EU,ROU,2001,22131970
EU,ROU,2002,21730496
EU,ROU,2003,21574326
EU,ROU,2004,21451748
EU,ROU,2005,21319685
EU,ROU,2006,21193760
EU,ROU,2007,20882982
EU,ROU,2008,20537875
EU,ROU,2009,20367487
EU,ROU,2010,20246871
EU,ROU,2011,20147528
EU,ROU,2012,20058035
EU,ROU,2013,19983693
EU,ROU,2014,19908979
EU,RUS,1990,
EU,RUS,1991,148394216
EU,RUS,1992,148538197
EU,RUS,1993,148458777
EU,RUS,1994,148407912
EU,RUS,1995,148375787
EU,RUS,1996,148160129
EU,RUS,1997,147915361
EU,RUS,1998,147670784
EU,RUS,1999,147214776
EU,RUS,2000,146596869
EU,RUS,2001,145976482
EU,RUS,2002,145306497
EU,RUS,2003,144648618
EU,RUS,2004,144067316
EU,RUS,2005,143518814
EU,RUS,2006,143049637
EU,RUS,2007,142805114
EU,RUS,2008,142742366
EU,RUS,2009,142785349
EU,RUS,2010,142849468
EU,RUS,2011,142960908
EU,RUS,2012,143201721
EU,RUS,2013,143506995
EU,RUS,2014,143819667
NAC,KNA,1990,
NAC,KNA,1991,40542
NAC,KNA,1992,40900
NAC,KNA,1993,41447
NAC,KNA,1994,42001
NAC,KNA,1995,42550
NAC,KNA,1998,44230
NAC,KNA,1999,44825
NAC,KNA,2000,45461
NAC,KNA,2001,45986
NAC,KNA,2002,46264
NAC,KNA,2003,46431
NAC,KNA,2004,46580
NAC,KNA,2005,46725
NAC,KNA,2006,46874
NAC,KNA,2007,47015
NAC,KNA,2008,47156
NAC,KNA,2009,47286
NAC,KNA,2010,47403
NAC,KNA,2011,47581
NAC,KNA,2012,47727
NAC,KNA,2013,47767
NAC,KNA,2014,47789
NAC,LCA,1990,
NAC,LCA,1991,144268
NAC,LCA,1992,146420
NAC,LCA,1993,148595
NAC,LCA,1994,150561
NAC,LCA,1995,152348
NAC,LCA,1996,153969
NAC,LCA,1997,155454
NAC,LCA,1998,156855
NAC,LCA,1999,158256
NAC,LCA,2000,159500
NAC,LCA,2001,160594
NAC,LCA,2002,161799
NAC,LCA,2003,163047
NAC,LCA,2004,164239
NAC,LCA,2005,165386
NAC,LCA,2006,166470
NAC,LCA,2008,168576
NAC,LCA,2009,169688
NAC,LCA,2010,170935
NAC,LCA,2011,172145
NAC,LCA,2012,173124
NAC,LCA,2013,173978
NAC,LCA,2014,174804
NAC,VCT,1990,
NAC,VCT,1995,114174
NAC,VCT,1996,114290
NAC,VCT,1997,114276
NAC,VCT,1998,114165
NAC,VCT,1999,113995
NAC,VCT,2000,113813
NAC,VCT,2001,113641
NAC,VCT,2002,113450
NAC,VCT,2003,113108
NAC,VCT,2004,112608
NAC,VCT,2005,112043
NAC,VCT,2006,111427
NAC,VCT,2007,110824
NAC,VCT,2008,110316
NAC,VCT,2009,109840
NAC,VCT,2010,109308
NAC,VCT,2011,108703
NAC,VCT,2012,108083
NAC,VCT,2013,107450
NAC,VCT,2014,106912
EU,SRB,1998,7567745
EU,SRB,1999,7540401
EU,SRB,2000,7516346
EU,SRB,2001,7503433
EU,SRB,2002,7496522
EU,SRB,2003,7480591
EU,SRB,2004,7463157
EU,SRB,2005,7440769
EU,SRB,2006,7411569
EU,SRB,2007,7381579
EU,SRB,2008,7350222
EU,SRB,2009,7320807
EU,SRB,2010,7291436
EU,SRB,2011,7234099
EU,SRB,2012,7199077
EU,SRB,2013,7164132
EU,SRB,2014,7130576
AF,SYC,2001,81202
AF,SYC,2002,83723
AF,SYC,2003,82781
AF,SYC,2004,82475
AF,SYC,2005,82858
AF,SYC,2006,84600
AF,SYC,2007,85033
AF,SYC,2008,86956
AF,SYC,2009,87298
AF,SYC,2010,89770
AF,SYC,2011,87441
AF,SYC,2012,88303
AF,SYC,2013,89949
AF,SYC,2014,91359
AS,SGP,1990,
AS,SGP,1991,3135083
AS,SGP,1992,3230698
AS,SGP,1993,3313471
AS,SGP,1994,3419048
AS,SGP,1995,3524506
AS,SGP,1996,3670704
AS,SGP,1997,3796038
AS,SGP,1998,3927213
AS,SGP,1999,3958723
AS,SGP,2000,4027887
AS,SGP,2001,4138012
AS,SGP,2002,4175950
AS,SGP,2003,4114826
AS,SGP,2004,4166664
AS,SGP,2005,4265762
AS,SGP,2006,4401365
AS,SGP,2007,4588599
AS,SGP,2008,4839396
AS,SGP,2009,4987573
AS,SGP,2010,5076732
AS,SGP,2011,5183688
AS,SGP,2012,5312437
AS,SGP,2013,5399162
AS,SGP,2014,5469724
EU,SVK,1992,5305016
EU,SVK,1993,5325305
EU,SVK,1994,5346331
EU,SVK,1995,5361999
EU,SVK,1996,5373361
EU,SVK,1997,5383291
EU,SVK,1998,5390516
EU,SVK,1999,5396020
EU,SVK,2000,5388720
EU,SVK,2001,5378867
EU,SVK,2002,5376912
EU,SVK,2003,5373374
EU,SVK,2004,5372280
EU,SVK,2005,5372807
EU,SVK,2008,5379233
EU,SVK,2009,5386406
EU,SVK,2010,5391428
EU,SVK,2012,5407579
EU,SVK,2013,5413393
EU,SVK,2014,5418649
EU,SVN,1990,
EU,SVN,1991,1999429
EU,SVN,1992,1996498
EU,SVN,1993,1991746
EU,SVN,1994,1989443
EU,SVN,1995,1989872
EU,SVN,1996,1988628
EU,SVN,1997,1985956
EU,SVN,1998,1981629
EU,SVN,1999,1983045
EU,SVN,2000,1988925
EU,SVN,2001,1992060
EU,SVN,2002,1994530
EU,SVN,2003,1995733
EU,SVN,2004,1997012
EU,SVN,2005,2000474
EU,SVN,2006,2006868
EU,SVN,2007,2018122
EU,SVN,2008,2021316
EU,SVN,2009,2039669
EU,SVN,2010,2048583
EU,SVN,2011,2052843
EU,SVN,2012,2057159
EU,SVN,2013,2059953
EU,SVN,2014,2061980
AF,ZAF,1996,44661603
AF,ZAF,1997,45285048
AF,ZAF,1998,45852166
AF,ZAF,1999,46364681
AF,ZAF,2000,46813266
AF,ZAF,2001,47229714
AF,ZAF,2002,47661514
AF,ZAF,2003,48104048
AF,ZAF,2004,48556071
AF,ZAF,2005,49017147
AF,ZAF,2006,49491756
AF,ZAF,2007,49996094
AF,ZAF,2008,50565812
AF,ZAF,2009,51170779
AF,ZAF,2010,51784921
AF,ZAF,2011,52443325
AF,ZAF,2012,53145033
AF,ZAF,2013,53873616
AF,ZAF,2014,54729551
EU,ESP,1990,
EU,ESP,1991,38966376
EU,ESP,1992,39157685
EU,ESP,1993,39361262
EU,ESP,1994,39549108
EU,ESP,1995,39724050
EU,ESP,1996,39889852
EU,ESP,1997,40057389
EU,ESP,1998,40223509
EU,ESP,1999,40386875
EU,ESP,2000,40567864
EU,ESP,2001,40850412
EU,ESP,2002,41431558
EU,ESP,2003,42187645
EU,ESP,2004,42921895
EU,ESP,2005,43653155
EU,ESP,2006,44397319
EU,ESP,2007,45226803
EU,ESP,2008,45954106
EU,ESP,2009,46362946
EU,ESP,2010,46576897
EU,ESP,2011,46742697
EU,ESP,2012,46773055
EU,ESP,2013,46620045
EU,ESP,2014,46480882
AS,LKA,1996,18322506
AS,LKA,1997,18449123
AS,LKA,1998,18560798
AS,LKA,1999,18670411
AS,LKA,2000,18776371
AS,LKA,2001,18920275
AS,LKA,2002,19110707
AS,LKA,2003,19303180
AS,LKA,2004,19490431
AS,LKA,2005,19673866
AS,LKA,2006,19870706
AS,LKA,2007,20078655
AS,LKA,2009,20482477
AS,LKA,2010,20668557
AS,LKA,2011,20859743
AS,LKA,2012,21017147
AS,LKA,2013,21131756
AS,LKA,2014,21239457
CSA,SUR,1990,
CSA,SUR,1991,415981
CSA,SUR,1992,419521
CSA,SUR,1995,434490
CSA,SUR,1996,443834
CSA,SUR,1997,452887
CSA,SUR,1998,461749
CSA,SUR,1999,470458
CSA,SUR,2000,478998
CSA,SUR,2001,487394
CSA,SUR,2002,495666
CSA,SUR,2003,503780
CSA,SUR,2004,510572
CSA,SUR,2005,516220
CSA,SUR,2006,522023
CSA,SUR,2007,527946
CSA,SUR,2008,533938
CSA,SUR,2009,539987
CSA,SUR,2010,546080
CSA,SUR,2011,552146
CSA,SUR,2012,558111
CSA,SUR,2013,563947
CSA,SUR,2014,569682
EU,SWE,1990,
EU,SWE,1991,8617375
EU,SWE,1992,8668067
EU,SWE,1993,8718561
EU,SWE,1994,8780745
EU,SWE,1995,8826939
EU,SWE,1996,8840998
EU,SWE,1997,8846062
EU,SWE,1998,8850974
EU,SWE,1999,8857874
EU,SWE,2000,8872109
EU,SWE,2001,8895960
EU,SWE,2002,8924958
EU,SWE,2003,8958229
EU,SWE,2004,8993531
EU,SWE,2005,9029572
EU,SWE,2006,9080505
EU,SWE,2007,9148092
EU,SWE,2008,9219637
EU,SWE,2009,9298515
EU,SWE,2010,9378126
EU,SWE,2011,9449213
EU,SWE,2012,9519374
EU,SWE,2013,9600379
EU,SWE,2014,9696110
EU,CHE,1990,
EU,CHE,1991,6799978
EU,CHE,1992,6875364
EU,CHE,1993,6938265
EU,CHE,1994,6993795
EU,CHE,1995,7040687
EU,CHE,1996,7071850
EU,CHE,1997,7088906
EU,CHE,1998,7110001
EU,CHE,1999,7143991
EU,CHE,2000,7184250
EU,CHE,2001,7229854
EU,CHE,2002,7284753
EU,CHE,2003,7339001
EU,CHE,2004,7389625
EU,CHE,2005,7437115
EU,CHE,2006,7483934
EU,CHE,2007,7551117
EU,CHE,2008,7647675
EU,CHE,2009,7743831
EU,CHE,2010,7824909
EU,CHE,2011,7912398
EU,CHE,2012,7996861
EU,CHE,2013,8089346
EU,CHE,2014,8188649
AS,SYR,1998,15500542
AS,SYR,1999,15901201
AS,SYR,2000,16307654
AS,SYR,2001,16727948
AS,SYR,2002,17164021
AS,SYR,2003,17611356
AS,SYR,2004,18084007
AS,SYR,2005,18583557
AS,SYR,2006,19432009
AS,SYR,2007,20703005
AS,SYR,2008,21474059
AS,SYR,2009,21827220
AS,SYR,2010,22337563
AS,TJK,1990,
AS,TJK,1991,5556306
AS,TJK,1992,5656208
AS,TJK,1993,5717806
AS,TJK,1994,5803993
AS,TJK,1995,5916173
AS,TJK,1996,6035600
AS,TJK,1997,6117069
AS,TJK,1998,6156805
AS,TJK,1999,6189565
AS,TJK,2000,6272998
AS,TJK,2001,6408810
AS,TJK,2002,6541755
AS,TJK,2003,6672492
AS,TJK,2004,6801204
AS,TJK,2005,6929145
AS,THA,1990,
AS,THA,1991,56099865
AS,THA,1992,56939020
AS,THA,1994,58610010
AS,THA,1995,59424834
AS,THA,1996,60211096
AS,THA,1997,60989108
AS,THA,1998,61745217
AS,THA,1999,62442651
AS,THA,2000,63066603
AS,THA,2002,64222580
AS,THA,2003,64776956
AS,THA,2004,65311166
AS,THA,2005,65821360
AS,THA,2006,66319525
AS,THA,2007,66826754
AS,THA,2008,67328239
AS,THA,2009,67813654
AS,THA,2010,68270489
AS,THA,2011,68712846
AS,THA,2012,69157023
AS,THA,2013,69578602
AS,THA,2014,69960943
NAC,TTO,1990,
NAC,TTO,1991,1276224
NAC,TTO,1992,1285502
NAC,TTO,1993,1293974
NAC,TTO,1994,1301393
NAC,TTO,1995,1307822
NAC,TTO,1996,1313434
NAC,TTO,1997,1318171
NAC,TTO,1998,1322572
NAC,TTO,1999,1327063
NAC,TTO,2000,1332203
NAC,TTO,2001,1338567
NAC,TTO,2002,1345964
NAC,TTO,2003,1353548
NAC,TTO,2004,1361172
NAC,TTO,2005,1369075
NAC,TTO,2006,1376919
NAC,TTO,2007,1384861
NAC,TTO,2008,1392803
NAC,TTO,2009,1401191
NAC,TTO,2010,1410296
NAC,TTO,2011,1420020
NAC,TTO,2012,1430377
AS,TUR,2009,72039206
AS,TUR,2010,73142150
AS,TUR,2011,74223629
AS,TUR,2012,75175827
AS,TUR,2013,76147624
AS,TUR,2014,77181884
AS,TKM,1990,
AS,TKM,1991,3821782
AS,TKM,1992,3926369
AS,TKM,1993,4031698
AS,TKM,1994,4133037
AS,TKM,1995,4226623
AS,TKM,1996,4301093
AS,TKM,1997,4363672
AS,TKM,1998,4431517
AS,TKM,1999,4501079
AS,TKM,2000,4569132
AS,TKM,2001,4635094
AS,TKM,2002,4698968
AS,TKM,2003,4758988
AS,TKM,2004,4819792
AS,TKM,2005,4885775
AS,TKM,2006,4954029
AS,TKM,2007,5024894
AS,TKM,2009,5180957
AS,TKM,2010,5267970
AS,TKM,2011,5360811
AS,TKM,2012,5458682
AS,TKM,2013,5560095
AS,TKM,2014,5663152
EU,UKR,1990,
EU,UKR,1991,52000500
EU,UKR,1992,52150400
EU,UKR,1993,52179200
EU,UKR,1994,51921400
EU,UKR,1995,51512800
EU,UKR,1996,51057800
EU,UKR,1997,50594600
EU,UKR,1998,50144500
EU,UKR,1999,49674000
EU,UKR,2000,49176500
EU,UKR,2001,48662400
EU,UKR,2002,48202470
EU,UKR,2003,47812949
EU,UKR,2004,47451626
EU,UKR,2005,47105171
EU,UKR,2006,46787786
EU,UKR,2007,46509355
EU,UKR,2008,46258189
EU,UKR,2009,46053331
EU,UKR,2010,45870741
EU,UKR,2011,45706086
EU,UKR,2012,45593342
EU,UKR,2014,45272155
EU,GBR,1990,
EU,GBR,1991,57424897
EU,GBR,1992,57580402
EU,GBR,1993,57718614
EU,GBR,1994,57865745
EU,GBR,1995,58019030
EU,GBR,1996,58166950
EU,GBR,1997,58316954
EU,GBR,1998,58487141
EU,GBR,1999,58682466
EU,GBR,2000,58892514
EU,GBR,2001,59119673
EU,GBR,2002,59370479
EU,GBR,2003,59647577
EU,GBR,2004,59987905
EU,GBR,2005,60401206
EU,GBR,2006,60846820
EU,GBR,2007,61322463
EU,GBR,2008,61806995
EU,GBR,2009,62276270
EU,GBR,2010,62766365
EU,GBR,2011,63258810
EU,GBR,2012,63700215
EU,GBR,2013,64128273
EU,GBR,2014,64602298
NAC,USA,1990,
NAC,USA,1991,252981000
NAC,USA,1992,256514000
NAC,USA,1993,259919000
NAC,USA,1994,263126000
NAC,USA,1995,266278000
NAC,USA,1996,269394000
NAC,USA,1997,272657000
NAC,USA,1998,275854000
NAC,USA,1999,279040000
NAC,USA,2000,282162411
NAC,USA,2001,284968955
NAC,USA,2002,287625193
NAC,USA,2003,290107933
NAC,USA,2004,292805298
NAC,USA,2005,295516599
NAC,USA,2006,298379912
NAC,USA,2007,301231207
NAC,USA,2008,304093966
NAC,USA,2009,306771529
NAC,USA,2010,309327143
NAC,USA,2011,311583481
NAC,USA,2012,313877662
NAC,USA,2013,316059947
NAC,USA,2014,318386329
CSA,URY,1990,
CSA,URY,1993,3171747
CSA,URY,1994,3189945
CSA,URY,1995,3208300
CSA,URY,1996,3226633
CSA,URY,1997,3245069
CSA,URY,1998,3262683
CSA,URY,1999,3278963
CSA,URY,2000,3292224
CSA,URY,2001,3300939
CSA,URY,2002,3306441
CSA,URY,2003,3310202
CSA,URY,2004,3313801
CSA,URY,2005,3317665
CSA,URY,2006,3322282
CSA,URY,2007,3328651
CSA,URY,2008,3336126
CSA,URY,2009,3344156
CSA,URY,2010,3352651
CSA,URY,2012,3371133
CSA,URY,2013,3381180
CSA,URY,2014,3391662
AS,UZB,1990,
AS,UZB,1991,20952000
AS,UZB,1992,21449000
AS,UZB,1993,21942000
AS,UZB,1994,22377000
AS,UZB,1995,22785000
AS,UZB,1996,23225000
AS,UZB,1997,23667000
AS,UZB,1998,24051000
AS,UZB,1999,24311650
AS,UZB,2000,24650400
AS,UZB,2001,24964450
AS,UZB,2002,25271850
AS,UZB,2003,25567650
AS,UZB,2004,25864350
AS,UZB,2005,26167000
AS,UZB,2009,27767400
AS,UZB,2010,28562400
AS,UZB,2011,29339400
AS,UZB,2012,29774500
AS,UZB,2013,30243200
AS,UZB,2014,30757700
CSA,VEN,1990,
CSA,VEN,1992,20700461
CSA,VEN,1993,21172100
CSA,VEN,1994,21640833
CSA,VEN,1996,22572110
CSA,VEN,1997,23037561
CSA,VEN,1998,23503819
CSA,VEN,1999,23966960
CSA,VEN,2000,24427729
CSA,VEN,2001,24880203
CSA,VEN,2002,25330929
CSA,VEN,2003,25782029
CSA,VEN,2004,26226927
CSA,VEN,2005,26668785
CSA,VEN,2006,27102081
CSA,VEN,2007,27525097
CSA,VEN,2008,27933833
CSA,VEN,2009,28327892
CSA,VEN,2010,28715022
CSA,VEN,2011,29096159
CSA,VEN,2012,29470426
CSA,VEN,2013,29838021
CSA,VEN,2014,30193258
AF,EGY,2004,77522427
AF,EGY,2005,79075310
AF,EGY,2006,80629670
AF,EGY,2007,82218755
AF,EGY,2008,83844783
AS,JOR,2008,6632873
AS,JOR,2009,6780493
AS,JOR,2010,6931258
AS,JOR,2011,7109980
AS,JOR,2012,7211863
CSA,GTM,2013,15043981
CSA,GTM,2014,15306316
AS,ARE,2020,9287289
AS,ARE,2019,9211657
AS,ARE,2018,9140169
CSA,ARG,2020,45376763
CSA,ARG,2019,44938712
CSA,ARG,2018,44494502
CSA,ARG,2017,44044811
CSA,ARG,2016,43590368
CSA,ARG,2015,43131966
AS,ARM,2021,2790974
AS,ARM,2020,2805608
AS,ARM,2019,2820602
AS,ARM,2018,2836557
AS,ARM,2017,2851923
AS,ARM,2016,2865835
AS,ARM,2015,2878595
NAC,ATG,2020,92664
NAC,ATG,2019,92117
NAC,ATG,2018,91626
NAC,ATG,2017,91119
NAC,ATG,2016,90564
NAC,ATG,2015,89941
OA,AUS,2021,25685412
OA,AUS,2020,25649248
OA,AUS,2019,25334826
OA,AUS,2017,24592588
OA,AUS,2016,24190907
OA,AUS,2015,23815995
EU,AUT,2021,8955797
EU,AUT,2020,8916864
EU,AUT,2019,8879920
EU,AUT,2018,8840521
EU,AUT,2017,8797566
EU,AUT,2016,8736668
EU,AUT,2015,8642699
EU,BEL,2018,11427054
EU,BEL,2017,11375158
EU,BEL,2016,11331422
EU,BEL,2015,11274196
EU,BGR,2020,6934015
EU,BGR,2019,6975761
EU,BGR,2018,7025037
EU,BGR,2017,7075947
EU,BGR,2016,7127822
EU,BGR,2015,7177991
EU,BLR,2018,9438785
CSA,BLZ,2016,367313
CSA,BLZ,2015,359871
CSA,BRA,2020,213196304
CSA,BRA,2019,211782878
CSA,BRA,2018,210166592
CSA,BRA,2017,208504960
CSA,BRA,2016,206859578
CSA,BRA,2015,205188205
AS,BRN,2019,438048
AS,BRN,2018,434274
AS,BRN,2017,430276
AS,BRN,2016,425994
AS,BRN,2015,421437
NAC,CAN,2017,36545236
NAC,CAN,2016,36109487
NAC,CAN,2015,35702908
EU,CHE,2020,8638167
EU,CHE,2019,8575280
EU,CHE,2018,8514329
EU,CHE,2017,8451840
EU,CHE,2016,8373338
EU,CHE,2015,8282396
CSA,CHL,2020,19300315
CSA,CHL,2019,19039485
CSA,CHL,2018,18701450
CSA,CHL,2017,18368577
CSA,CHL,2016,18083879
CSA,CHL,2015,17870124
CSA,COL,2020,50930662
CSA,COL,2019,50187406
CSA,COL,2018,49276961
CSA,COL,2017,48351671
CSA,COL,2016,47625955
CSA,COL,2015,47119728
CSA,CRI,2020,5123105
CSA,CRI,2019,5084532
CSA,CRI,2018,5040734
CSA,CRI,2017,4993842
CSA,CRI,2016,4945205
CSA,CRI,2015,4895242
NAC,CUB,2020,11300698
NAC,CUB,2019,11316697
NAC,CUB,2018,11328244
NAC,CUB,2017,11336405
NAC,CUB,2016,11342012
NAC,CUB,2015,11339894
AS,CYP,2020,1237537
AS,CYP,2019,1228836
AS,CYP,2018,1218831
AS,CYP,2017,1208523
AS,CYP,2016,1197881
AS,CYP,2015,1187280
EU,CZE,2021,10505772
EU,CZE,2020,10697858
EU,CZE,2019,10671870
EU,CZE,2018,10629928
EU,CZE,2017,10594438
EU,CZE,2016,10566332
EU,CZE,2015,10546059
EU,DEU,2020,83160871
EU,DEU,2019,83092962
EU,DEU,2018,82905782
EU,DEU,2017,82657002
EU,DEU,2016,82348669
EU,DEU,2015,81686611
NAC,DMA,2020,71995
NAC,DMA,2019,71428
NAC,DMA,2018,70823
NAC,DMA,2017,70403
NAC,DMA,2016,70075
NAC,DMA,2015,70007
EU,DNK,2020,5831404
EU,DNK,2019,5814422
EU,DNK,2018,5793636
EU,DNK,2017,5764980
EU,DNK,2016,5728010
EU,DNK,2015,5683483
NAC,DOM,2018,10765531
NAC,DOM,2017,10647244
NAC,DOM,2016,10527592
NAC,DOM,2015,10405832
CSA,ECU,2021,17797737
CSA,ECU,2020,17588595
CSA,ECU,2019,17343740
CSA,ECU,2018,17015672
CSA,ECU,2017,16696944
CSA,ECU,2016,16439585
CSA,ECU,2015,16195902
AF,EGY,2019,105618671
AF,EGY,2018,103740765
AF,EGY,2017,101789386
AF,EGY,2016,99784030
AF,EGY,2015,97723799
EU,ESP,2021,47415794
EU,ESP,2020,47365655
EU,ESP,2019,47134837
EU,ESP,2018,46797754
EU,ESP,2017,46593236
EU,ESP,2016,46484062
EU,ESP,2015,46444832
EU,EST,2021,1330932
EU,EST,2020,1329522
EU,EST,2019,1326898
EU,EST,2018,1321977
EU,EST,2017,1317384
EU,EST,2016,1315790
EU,EST,2015,1315407
EU,FIN,2020,5529543
EU,FIN,2019,5521606
EU,FIN,2018,5515525
EU,FIN,2017,5508214
EU,FIN,2016,5495303
EU,FIN,2015,5479531
EU,FRA,2017,66918020
EU,FRA,2016,66724104
EU,FRA,2015,66548272
EU,GBR,2020,67081234
EU,GBR,2019,66836327
EU,GBR,2018,66460344
EU,GBR,2017,66058859
EU,GBR,2016,65611593
EU,GBR,2015,65116219
AS,GEO,2021,3708610
AS,GEO,2020,3722716
AS,GEO,2019,3720161
AS,GEO,2018,3726549
AS,GEO,2017,3728004
AS,GEO,2016,3727505
AS,GEO,2015,3725276
NAC,GLP,2016,
NAC,GLP,2015,
EU,GRC,2020,10698599
EU,GRC,2019,10721582
EU,GRC,2018,10732882
EU,GRC,2017,10754679
EU,GRC,2016,10775971
EU,GRC,2015,10820883
NAC,GRD,2021,124610
NAC,GRD,2020,123663
NAC,GRD,2019,122724
NAC,GRD,2018,121838
NAC,GRD,2017,120921
NAC,GRD,2016,119966
NAC,GRD,2015,118980
CSA,GTM,2020,16858333
CSA,GTM,2019,16604026
CSA,GTM,2018,16346950
CSA,GTM,2017,16087418
CSA,GTM,2016,15827690
CSA,GTM,2015,15567419
CSA,GUF,2016,
CSA,GUF,2015,
CSA,GUY,2019,798753
CSA,GUY,2018,785514
CSA,GUY,2017,763252
CSA,GUY,2016,759087
CSA,GUY,2015,755031
AS,HKG,2017,7393200
AS,HKG,2016,7336600
AS,HKG,2015,7291300
EU,HRV,2020,4047680
EU,HRV,2019,4065253
EU,HRV,2017,4124531
EU,HRV,2016,4174349
EU,HRV,2015,4203604
EU,HUN,2019,9771141
EU,HUN,2018,9775564
EU,HUN,2017,9787966
EU,HUN,2016,9814023
EU,HUN,2015,9843028
EU,IRL,2018,4867316
EU,IRL,2015,4701957
AS,IRN,2016,83306231
AS,IRN,2015,81790841
AS,IRQ,2016,38697943
AS,IRQ,2015,37757813
EU,ISL,2020,366463
EU,ISL,2019,360563
EU,ISL,2018,352721
EU,ISL,2017,343400
EU,ISL,2016,335439
EU,ISL,2015,330815
AS,ISR,2020,9215100
AS,ISR,2019,9054000
AS,ISR,2018,8882800
AS,ISR,2017,8713300
AS,ISR,2016,8546000
AS,ISR,2015,8380100
EU,ITA,2019,59729081
EU,ITA,2018,60421760
EU,ITA,2017,60536709
EU,ITA,2016,60627498
EU,ITA,2015,60730582
AS,JOR,2018,10459865
AS,JOR,2017,10215381
AS,JOR,2016,9964656
AS,JOR,2015,9494246
AS,JPN,2020,126261000
AS,JPN,2019,126633000
AS,JPN,2018,126811000
AS,JPN,2017,126972000
AS,JPN,2016,127076000
AS,JPN,2015,127141000
AS,KAZ,2021,19000988
AS,KAZ,2020,18755666
AS,KAZ,2019,18513673
AS,KAZ,2018,18276452
AS,KAZ,2017,18037776
AS,KAZ,2016,17794055
AS,KAZ,2015,17542806
AS,KGZ,2019,6456200
AS,KGZ,2018,6322800
AS,KGZ,2017,6198200
AS,KGZ,2016,6079500
AS,KGZ,2015,5956900
NAC,KNA,2016,47788
NAC,KNA,2015,47790
AS,KOR,2020,51836239
AS,KOR,2019,51764822
AS,KOR,2018,51585058
AS,KOR,2017,51361911
AS,KOR,2016,51217803
AS,KOR,2015,51014947
AS,KWT,2019,4441100
AS,KWT,2018,4317185
AS,KWT,2017,4124904
AS,KWT,2016,4048085
AS,KWT,2015,3908743
AS,LBN,2021,5592631
AS,LBN,2020,5662923
AS,LBN,2019,5781907
NAC,LCA,2020,179237
NAC,LCA,2019,178583
NAC,LCA,2018,177888
NAC,LCA,2017,177163
NAC,LCA,2016,176413
NAC,LCA,2015,175623
EU,LTU,2021,2800839
EU,LTU,2020,2794885
EU,LTU,2019,2794137
EU,LTU,2018,2801543
EU,LTU,2017,2828403
EU,LTU,2016,2868231
EU,LTU,2015,2904910
EU,LUX,2021,640064
EU,LUX,2020,630419
EU,LUX,2019,620001
EU,LUX,2018,607950
EU,LUX,2017,596336
EU,LUX,2016,582014
EU,LUX,2015,569604
EU,LVA,2021,1884490
EU,LVA,2020,1900449
EU,LVA,2019,1913822
EU,LVA,2018,1927174
EU,LVA,2017,1942248
EU,LVA,2016,1959537
EU,LVA,2015,1977527
EU,MDA,2018,2707203
EU,MDA,2017,2755189
EU,MDA,2016,2803186
EU,MDA,2015,2835978
AS,MDV,2019,504508
AS,MDV,2018,489758
AS,MDV,2017,472442
AS,MDV,2016,454252
AS,MDV,2015,435582
CSA,MEX,2020,125998302
CSA,MEX,2019,125085311
CSA,MEX,2018,124013861
CSA,MEX,2017,122839258
CSA,MEX,2016,121519221
CSA,MEX,2015,120149897
EU,MKD,2021,2065092
EU,MKD,2020,2072531
EU,MKD,2019,2076694
EU,MKD,2018,2076217
EU,MKD,2017,2074502
EU,MKD,2016,2072490
EU,MKD,2015,2070226
EU,MLT,2017,467999
EU,MLT,2016,455356
EU,MLT,2015,445053
EU,MNE,2019,622028
EU,MNE,2017,622373
AS,MNG,2021,3347782
AS,MNG,2020,3294335
AS,MNG,2019,3232430
AS,MNG,2018,3163991
AS,MNG,2017,3096030
AS,MNG,2016,3029555
NAC,MTQ,2016,
NAC,MTQ,2015,
AF,MUS,2021,1266334
AF,MUS,2020,1266014
AF,MUS,2019,1265985
AF,MUS,2018,1265577
AF,MUS,2017,1264887
AF,MUS,2016,1263747
AF,MUS,2015,1262879
AS,MYS,2020,33199993
AS,MYS,2019,32804020
AS,MYS,2018,32399271
AS,MYS,2017,31975806
AS,MYS,2016,31526418
AS,MYS,2015,31068833
AS,MYS,2014,30606459
AS,MYS,2013,30134807
AS,MYS,2012,29660212
AS,MYS,2011,29184133
AS,MYS,2010,28717731
AS,MYS,2009,28217204
AS,MYS,2008,27664296
AS,MYS,2007,27092604
AS,MYS,2006,26509413
AS,MYS,2005,25923536
AS,MYS,2004,25333247
AS,MYS,2003,24739411
AS,MYS,2002,24142445
AS,MYS,2001,23542517
AS,MYS,2000,22945150
AF,MYT,2016,
AF,MYT,2015,
CSA,NIC,2020,6755895
CSA,NIC,2019,6663924
CSA,NIC,2018,6572233
CSA,NIC,2017,6480532
CSA,NIC,2016,6389235
CSA,NIC,2015,6298598
EU,NLD,2020,17441500
EU,NLD,2019,17344874
EU,NLD,2018,17231624
EU,NLD,2017,17131296
EU,NLD,2016,17030314
EU,NLD,2015,16939923
EU,NOR,2016,5234519
EU,NOR,2015,5188607
OA,NZL,2016,4714100
OA,NZL,2015,4609400
AS,OMN,2021,4520471
AS,OMN,2020,4543399
AS,OMN,2019,4602768
AS,OMN,2018,4601157
AS,OMN,2017,4541854
AS,OMN,2016,4398070
AS,OMN,2014,4009267
AS,OMN,2010,2881914
AS,OMN,2009,2697537
CSA,PAN,2019,4232532
CSA,PAN,2018,4165255
CSA,PAN,2017,4096063
CSA,PAN,2016,4026336
CSA,PAN,2015,3957099
CSA,PER,2020,33304756
CSA,PER,2019,32824861
CSA,PER,2018,32203944
CSA,PER,2017,31605486
CSA,PER,2016,31132779
CSA,PER,2015,30711863
AS,PHL,2019,110380804
AS,PHL,2018,108568836
AS,PHL,2017,106738501
AS,PHL,2016,104875266
EU,POL,2020,37899070
EU,POL,2019,37965475
EU,POL,2018,37974750
EU,POL,2017,37974826
EU,POL,2016,37970087
EU,POL,2015,37986412
NAC,PRI,2017,3325286
NAC,PRI,2016,3406672
NAC,PRI,2015,3473232
EU,PRT,2019,10286263
EU,PRT,2018,10283822
EU,PRT,2017,10300300
EU,PRT,2016,10325452
EU,PRT,2015,10358076
CSA,PRY,2020,6618695
CSA,PRY,2019,6530026
CSA,PRY,2018,6443328
CSA,PRY,2017,6355404
CSA,PRY,2016,6266615
CSA,PRY,2015,6177950
AS,QAT,2021,2688235
AS,QAT,2020,2760385
AS,QAT,2019,2807235
AS,QAT,2017,2711755
AS,QAT,2016,2595166
AS,QAT,2015,2414573
AS,QAT,2014,2214465
AS,QAT,2013,2035501
AS,QAT,2012,1905660
AS,QAT,2011,1804171
AS,QAT,2010,1713504
AS,QAT,2009,1610274
AS,QAT,2008,1444277
AS,QAT,2007,1231893
AS,QAT,2006,1015060
AS,QAT,2005,848710
AS,QAT,2004,777943
AS,QAT,2001,678831
AS,QAT,1995,515133
AF,REU,2016,
AF,REU,2015,
EU,ROU,2019,19371648
EU,ROU,2018,19473970
EU,ROU,2017,19588715
EU,ROU,2016,19702267
EU,ROU,2015,19815616
EU,RUS,2019,144406261
EU,RUS,2018,144477859
EU,RUS,2017,144496739
EU,RUS,2016,144342397
EU,RUS,2015,144096870
AS,SGP,2020,5685807
AS,SGP,2019,5703569
AS,SGP,2018,5638676
AS,SGP,2017,5612253
AS,SGP,2016,5607283
AS,SGP,2015,5535002
CSA,SLV,2018,6276342
CSA,SLV,2017,6266654
CSA,SLV,2016,6250510
CSA,SLV,2015,6231066
EU,SRB,2021,6834326
EU,SRB,2020,6899126
EU,SRB,2019,6945235
EU,SRB,2018,6982604
EU,SRB,2017,7020858
EU,SRB,2016,7058322
EU,SRB,2015,7095383
EU,SVK,2019,5454147
EU,SVK,2018,5446771
EU,SVK,2017,5439232
EU,SVK,2016,5430798
EU,SVN,2020,2102419
EU,SVN,2019,2088385
EU,SVN,2018,2073894
EU,SVN,2017,2066388
EU,SVN,2016,2065042
EU,SVN,2015,2063531
EU,SWE,2018,10175214
EU,SWE,2017,10057698
EU,SWE,2016,9923085
EU,SWE,2015,9799186
AF,SYC,2021,99258
AF,SYC,2020,98462
AF,SYC,2019,97625
AF,SYC,2017,95843
AF,SYC,2016,94677
AF,SYC,2015,93419
AS,THA,2019,71307763
AS,THA,2018,71127802
AS,THA,2017,70898202
AS,THA,2016,70607037
AS,THA,2015,70294397
AS,TJK,2017,8925525
AS,TJK,2016,8725318
AS,TKM,2015,5766431
AS,TUR,2019,82579440
AS,TUR,2018,81407204
AS,TUR,2017,80312698
AS,TUR,2016,79277962
AS,TUR,2015,78218479
EU,UKR,2019,44386203
EU,UKR,2018,44622518
EU,UKR,2017,44831135
EU,UKR,2015,45154036
CSA,URY,2020,3429086
CSA,URY,2019,3428409
CSA,URY,2018,3427042
CSA,URY,2017,3422200
CSA,URY,2016,3413766
CSA,URY,2015,3402818
NAC,USA,2020,331511512
NAC,USA,2019,328329953
NAC,USA,2018,326838199
NAC,USA,2017,325122128
NAC,USA,2016,323071755
NAC,USA,2015,320738994
AS,UZB,2019,33580350
AS,UZB,2018,32956100
AS,UZB,2017,32388600
AS,UZB,2016,31847900
AS,UZB,2015,31298900
NAC,VCT,2021,104332
NAC,VCT,2020,104632
NAC,VCT,2019,104924
NAC,VCT,2018,105281
NAC,VCT,2017,105549
NAC,VCT,2016,105963
NAC,VCT,2015,106482
CSA,VEN,2016,30741464
CSA,VEN,2015,30529716
AF,ZAF,2018,57339635
AF,ZAF,2017,56641209
AF,ZAF,2016,56422274
AF,ZAF,2015,55876504
CSA,ARG,2021,45808747
AS,ARM,2022,2780469
NAC,ATG,2021,93219
NAC,ATG,2011,86729
NAC,ATG,2010,85695
OA,AUS,2022,26005540
OA,AUS,2018,24963258
EU,BEL,2020,11538604
EU,BEL,2019,11488980
EU,BGR,2021,6877743
NAC,BHS,2015,392697
NAC,BHS,2003,338490
NAC,CAN,2022,38929902
NAC,CAN,2021,38226498
NAC,CAN,2020,38007166
NAC,CAN,2019,37601230
NAC,CAN,2018,37065084
EU,CHE,2021,8704546
CSA,CHL,2021,19493184
CSA,COL,2021,51516562
NAC,CUB,2021,11256372
AS,CYP,2021,1244188
EU,DNK,2021,5856733
EU,EST,2022,1348840
EU,FIN,2021,5541017
EU,FRA,2020,67571107
EU,FRA,2019,67388001
EU,FRA,2018,67158348
AS,GEO,2022,3712502
CSA,GTM,2021,17109746
EU,HRV,2021,3879000
EU,HRV,2018,4087843
EU,HUN,2022,9643048
EU,IRL,2020,4985382
EU,IRL,2019,4934340
EU,IRL,2017,4807388
EU,IRL,2016,4755335
AS,IRN,2017,84505076
EU,ISL,2022,382003
EU,ISL,2021,372520
AS,ISR,2021,9371400
EU,ITA,2020,59438851
AS,JPN,2021,125681593
AS,KOR,2021,51744876
AS,LKA,2019,21803000
AS,LKA,2015,21336697
EU,LTU,2022,2831639
EU,LUX,2022,653103
CSA,MEX,2021,126705138
EU,MLT,2020,515332
EU,MLT,2019,504062
EU,MLT,2018,484630
AF,MUS,2022,1262523
CSA,NIC,2021,6850540
EU,NLD,2022,17700982
EU,NLD,2021,17533044
CSA,PAN,2021,4351267
EU,POL,2021,37747124
NAC,PRI,2021,3262693
CSA,PRY,2021,6703799
AS,SGP,2022,5637022
AS,SGP,2021,5453566
EU,SRB,2022,6664449
EU,SVK,2021,5447247
EU,SVK,2020,5458827
EU,SWE,2022,10486941
EU,SWE,2021,10415811
EU,SWE,2020,10353442
EU,SWE,2019,10278887
AS,TKM,2008,5100083
NAC,USA,2021,332031554
